INSERT INTO `clinics` (`id`, `name`, `address`, `district`, `phone`, `open_hours`) VALUES
(1, 'Tuen Mun Clinic', '2/F, Yan Oi Polyclinic\r\n6 Tuen Lee Street, Tuen Mun', 'Tuen Mun', '24523261', 'Mon-Fri 9:00-18:00'),
(2, 'Tsuen Wan Clinic', '14/F, Tsuen Wan Government Offices\r\n38 Sai Lau Kok Road, Tsuen Wan', 'Tsuen Wan', '24176512', 'Mon-Fri 9:00-18:00'),
(3, 'Tai Po Clinic', '1 Po Wu Lane, Tai Po', 'Tai Po', '22223261', 'Mon-Fri 9:00-18:00'),
(4, 'Sai Kung Clinic', '1/F Mona Fong Clinic\r\n23 Man Nin Street, Sai Kung', 'Sai Kung', '24156512', 'Mon-Fri 9:00-18:00'),
(5, 'Fanling Clinic', '3/F, Fanling Health Centre\r\n2 Pik Fung Road, Fanling', 'Fanling', '26711046', 'Mon-Fri 9:00-18:00');


INSERT INTO dental.dentists (email_address,first_name,gender,last_name,phone,image_url) VALUES
('william.lam@clinic.com','William','M','Lam','12345678','https://poly-sehs4701-groupproject-s3.s3.ap-east-1.amazonaws.com/dentists/william.jpg'),
('emily.wong@clinic.com','Emily','F','Wong','23456789','https://poly-sehs4701-groupproject-s3.s3.ap-east-1.amazonaws.com/dentists/emily.jpg'),
('david.cheung@clinic.com','David','M','Cheung','34567890','https://poly-sehs4701-groupproject-s3.s3.ap-east-1.amazonaws.com/dentists/david.jpg'),
('sophie.li@clinic.com','Sophie','F','Li','45678901','https://poly-sehs4701-groupproject-s3.s3.ap-east-1.amazonaws.com/dentists/sophie.jpg'),
('michael.ng@clinic.com','Michael','M','Ng','56789012','https://poly-sehs4701-groupproject-s3.s3.ap-east-1.amazonaws.com/dentists/michael.jpg'),
('grace.chan@clinic.com','Grace','F','Chan','67890123','https://poly-sehs4701-groupproject-s3.s3.ap-east-1.amazonaws.com/dentists/grace.jpg'),
('thomas.ho@clinic.com','Thomas','M','Ho','78901234','https://poly-sehs4701-groupproject-s3.s3.ap-east-1.amazonaws.com/dentists/thomas.jpg'),
('rachel.lau@clinic.com','Rachel','F','Lau','89012345','https://poly-sehs4701-groupproject-s3.s3.ap-east-1.amazonaws.com/dentists/rachel.jpg'),
('james.yip@clinic.com','James','M','Yip','90123456','https://poly-sehs4701-groupproject-s3.s3.ap-east-1.amazonaws.com/dentists/james.jpg'),
('linda.tsang@clinic.com','Linda','F','Tsang','91234567','https://poly-sehs4701-groupproject-s3.s3.ap-east-1.amazonaws.com/dentists/linda.jpg');



INSERT INTO `timeslots` (`id`, `start_time`, `end_time`) VALUES
(1, '09:00:00', '10:00:00'),
(2, '10:00:00', '11:00:00'),
(3, '11:00:00', '12:00:00'),
(4, '14:00:00', '15:00:00'),
(5, '15:00:00', '16:00:00'),
(6, '16:00:00', '17:00:00'),
(7, '17:00:00', '18:00:00');

INSERT INTO `clinic_dentists` (`id`, `clinic_id`, `dentist_id`, `day_of_week`, `timeslot_id`) VALUES
(1, 1, 1, 'Mon', 1),
(2, 1, 1, 'Mon', 2),
(3, 1, 1, 'Mon', 3),
(4, 1, 2, 'Mon', 4),
(5, 1, 2, 'Mon', 5),
(6, 1, 2, 'Mon', 6),
(7, 1, 2, 'Mon', 7),
(8, 1, 3, 'Tue', 1),
(9, 1, 3, 'Tue', 2),
(10, 1, 3, 'Tue', 3),
(11, 1, 4, 'Tue', 4),
(12, 1, 4, 'Tue', 5),
(13, 1, 4, 'Tue', 6),
(14, 1, 4, 'Tue', 7),
(15, 1, 5, 'Wed', 1),
(16, 1, 5, 'Wed', 2),
(17, 1, 5, 'Wed', 3),
(18, 1, 6, 'Wed', 4),
(19, 1, 6, 'Wed', 5),
(20, 1, 6, 'Wed', 6),
(21, 1, 6, 'Wed', 7),
(22, 1, 7, 'Thu', 1),
(23, 1, 7, 'Thu', 2),
(24, 1, 7, 'Thu', 3),
(25, 1, 8, 'Thu', 4),
(26, 1, 8, 'Thu', 5),
(27, 1, 8, 'Thu', 6),
(28, 1, 8, 'Thu', 7),
(29, 1, 9, 'Fri', 1),
(30, 1, 9, 'Fri', 2),
(31, 1, 9, 'Fri', 3),
(32, 1, 10, 'Fri', 4),
(33, 1, 10, 'Fri', 5),
(34, 1, 10, 'Fri', 6),
(35, 1, 10, 'Fri', 7),
(39, 2, 1, 'Mon', 4),
(40, 2, 1, 'Mon', 5),
(41, 2, 1, 'Mon', 6),
(42, 2, 1, 'Mon', 7),
(36, 2, 2, 'Mon', 1),
(37, 2, 2, 'Mon', 2),
(38, 2, 2, 'Mon', 3),
(46, 2, 3, 'Tue', 4),
(47, 2, 3, 'Tue', 5),
(48, 2, 3, 'Tue', 6),
(49, 2, 3, 'Tue', 7),
(43, 2, 4, 'Tue', 1),
(44, 2, 4, 'Tue', 2),
(45, 2, 4, 'Tue', 3),
(53, 2, 5, 'Wed', 4),
(54, 2, 5, 'Wed', 5),
(55, 2, 5, 'Wed', 6),
(56, 2, 5, 'Wed', 7),
(50, 2, 6, 'Wed', 1),
(51, 2, 6, 'Wed', 2),
(52, 2, 6, 'Wed', 3),
(60, 2, 7, 'Thu', 4),
(61, 2, 7, 'Thu', 5),
(62, 2, 7, 'Thu', 6),
(63, 2, 7, 'Thu', 7),
(57, 2, 8, 'Thu', 1),
(58, 2, 8, 'Thu', 2),
(59, 2, 8, 'Thu', 3),
(67, 2, 9, 'Fri', 4),
(68, 2, 9, 'Fri', 5),
(69, 2, 9, 'Fri', 6),
(70, 2, 9, 'Fri', 7),
(64, 2, 10, 'Fri', 1),
(65, 2, 10, 'Fri', 2),
(66, 2, 10, 'Fri', 3),
(99, 3, 1, 'Fri', 1),
(100, 3, 1, 'Fri', 2),
(101, 3, 1, 'Fri', 3),
(102, 3, 2, 'Fri', 4),
(103, 3, 2, 'Fri', 5),
(104, 3, 2, 'Fri', 6),
(105, 3, 2, 'Fri', 7),
(71, 3, 3, 'Mon', 1),
(72, 3, 3, 'Mon', 2),
(73, 3, 3, 'Mon', 3),
(74, 3, 4, 'Mon', 4),
(75, 3, 4, 'Mon', 5),
(76, 3, 4, 'Mon', 6),
(77, 3, 4, 'Mon', 7),
(78, 3, 5, 'Tue', 1),
(79, 3, 5, 'Tue', 2),
(80, 3, 5, 'Tue', 3),
(81, 3, 6, 'Tue', 4),
(82, 3, 6, 'Tue', 5),
(83, 3, 6, 'Tue', 6),
(84, 3, 6, 'Tue', 7),
(85, 3, 7, 'Wed', 1),
(86, 3, 7, 'Wed', 2),
(87, 3, 7, 'Wed', 3),
(88, 3, 8, 'Wed', 4),
(89, 3, 8, 'Wed', 5),
(90, 3, 8, 'Wed', 6),
(91, 3, 8, 'Wed', 7),
(92, 3, 9, 'Thu', 1),
(93, 3, 9, 'Thu', 2),
(94, 3, 9, 'Thu', 3),
(95, 3, 10, 'Thu', 4),
(96, 3, 10, 'Thu', 5),
(97, 3, 10, 'Thu', 6),
(98, 3, 10, 'Thu', 7),
(137, 4, 1, 'Fri', 4),
(138, 4, 1, 'Fri', 5),
(139, 4, 1, 'Fri', 6),
(140, 4, 1, 'Fri', 7),
(134, 4, 2, 'Fri', 1),
(135, 4, 2, 'Fri', 2),
(136, 4, 2, 'Fri', 3),
(109, 4, 3, 'Mon', 4),
(110, 4, 3, 'Mon', 5),
(111, 4, 3, 'Mon', 6),
(112, 4, 3, 'Mon', 7),
(106, 4, 4, 'Mon', 1),
(107, 4, 4, 'Mon', 2),
(108, 4, 4, 'Mon', 3),
(116, 4, 5, 'Tue', 4),
(117, 4, 5, 'Tue', 5),
(118, 4, 5, 'Tue', 6),
(119, 4, 5, 'Tue', 7),
(113, 4, 6, 'Tue', 1),
(114, 4, 6, 'Tue', 2),
(115, 4, 6, 'Tue', 3),
(123, 4, 7, 'Wed', 4),
(124, 4, 7, 'Wed', 5),
(125, 4, 7, 'Wed', 6),
(126, 4, 7, 'Wed', 7),
(120, 4, 8, 'Wed', 1),
(121, 4, 8, 'Wed', 2),
(122, 4, 8, 'Wed', 3),
(130, 4, 9, 'Thu', 4),
(131, 4, 9, 'Thu', 5),
(132, 4, 9, 'Thu', 6),
(133, 4, 9, 'Thu', 7),
(127, 4, 10, 'Thu', 1),
(128, 4, 10, 'Thu', 2),
(129, 4, 10, 'Thu', 3),
(162, 5, 1, 'Thu', 1),
(163, 5, 1, 'Thu', 2),
(164, 5, 1, 'Thu', 3),
(165, 5, 2, 'Thu', 4),
(166, 5, 2, 'Thu', 5),
(167, 5, 2, 'Thu', 6),
(168, 5, 2, 'Thu', 7),
(169, 5, 3, 'Fri', 1),
(170, 5, 3, 'Fri', 2),
(171, 5, 3, 'Fri', 3),
(172, 5, 4, 'Fri', 4),
(173, 5, 4, 'Fri', 5),
(174, 5, 4, 'Fri', 6),
(175, 5, 4, 'Fri', 7),
(141, 5, 5, 'Mon', 1),
(142, 5, 5, 'Mon', 2),
(143, 5, 5, 'Mon', 3),
(144, 5, 6, 'Mon', 4),
(145, 5, 6, 'Mon', 5),
(146, 5, 6, 'Mon', 6),
(147, 5, 6, 'Mon', 7),
(148, 5, 7, 'Tue', 1),
(149, 5, 7, 'Tue', 2),
(150, 5, 7, 'Tue', 3),
(151, 5, 8, 'Tue', 4),
(152, 5, 8, 'Tue', 5),
(153, 5, 8, 'Tue', 6),
(154, 5, 8, 'Tue', 7),
(155, 5, 9, 'Wed', 1),
(156, 5, 9, 'Wed', 2),
(157, 5, 9, 'Wed', 3),
(158, 5, 10, 'Wed', 4),
(159, 5, 10, 'Wed', 5),
(160, 5, 10, 'Wed', 6),
(161, 5, 10, 'Wed', 7);

INSERT INTO dental.items (name,image_url) VALUES
('Teeth Cleaning','https://poly-sehs4701-groupproject-s3.s3.ap-east-1.amazonaws.com/teeth_cleaning.jpg'),
('Tooth Filling','https://poly-sehs4701-groupproject-s3.s3.ap-east-1.amazonaws.com/tooth_filling.jpg'),
('Tooth Extraction','https://poly-sehs4701-groupproject-s3.s3.ap-east-1.amazonaws.com/tooth_extraction.jpg'),
('Root Canal Treatment','https://poly-sehs4701-groupproject-s3.s3.ap-east-1.amazonaws.com/root_canal_treatment.jpg'),
('Dental Checkup','https://poly-sehs4701-groupproject-s3.s3.ap-east-1.amazonaws.com/dental_checkup.jpg');


INSERT INTO `dentist_items` (`id`, `dentist_id`, `item_id`, `fee`) VALUES
(1, 1, 1, '200.00'),
(2, 1, 2, '300.00'),
(3, 1, 5, '150.00'),
(4, 2, 1, '250.00'),
(5, 2, 3, '400.00'),
(6, 2, 5, '180.00'),
(7, 3, 2, '350.00'),
(8, 3, 3, '500.00'),
(9, 3, 4, '1000.00'),
(10, 4, 1, '180.00'),
(11, 4, 2, '280.00'),
(12, 4, 5, '120.00'),
(13, 5, 3, '450.00'),
(14, 5, 4, '1100.00'),
(15, 5, 5, '160.00'),
(16, 6, 1, '220.00'),
(17, 6, 2, '320.00'),
(18, 6, 3, '480.00'),
(19, 6, 5, '140.00'),
(20, 7, 3, '550.00'),
(21, 7, 4, '1200.00'),
(22, 8, 1, '270.00'),
(23, 8, 2, '340.00'),
(24, 8, 5, '170.00'),
(25, 9, 1, '230.00'),
(26, 9, 3, '520.00'),
(27, 9, 4, '1050.00'),
(28, 9, 5, '190.00'),
(29, 10, 2, '360.00'),
(30, 10, 3, '580.00'),
(31, 10, 4, '1150.00'),
(32, 10, 5, '200.00');
